year,session,code,subject,paper,max_mark,9,8,7,6,5,4,3,2,1,u
2025,June,9201/1,BIOLOGY,PAPER 1,90,63,57,52,45,38,32,24,16,8,,0
2025,June,9201/2,BIOLOGY,PAPER 2,90,63,58,53,46,40,34,25,17,9,,0
2025,June,9202/1,CHEMISTRY,PAPER 1,90,71,64,58,49,41,33,25,18,11,,0
2025,June,9202/2,CHEMISTRY,PAPER 2,90,68,60,53,46,40,34,25,16,8,,0
2025,June,9203/1,PHYSICS,PAPER 1,90,72,66,60,53,46,40,31,23,15,,0
2025,June,9203/2,PHYSICS,PAPER 2,90,68,61,54,48,42,36,28,21,14,,0
2025,June,9210/1,COMPUTER SCIENCE,PAPER 1,80,70,64,58,48,39,30,22,14,7,,0
2025,June,9210/2,COMPUTER SCIENCE,PAPER 2,80,68,60,53,45,38,31,24,18,12,,0
2025,June,9214/1,ECONOMICS,PAPER 1,80,63,59,56,49,43,37,28,19,10,,0
2025,June,9214/2,ECONOMICS,PAPER 2,80,63,59,55,49,43,37,28,19,10,,0
2025,June,9218/1,PSYCHOLOGY,PAPER 1,100,79,72,65,55,46,37,26,16,6,,0
2025,June,9218/2,PSYCHOLOGY,PAPER 2,100,79,72,65,55,46,37,26,15,5,,0
2025,June,9225/1,BUSINESS,PAPER 1,90,70,65,61,54,47,40,30,21,12,,0
2025,June,9225/2,BUSINESS,PAPER 2,90,68,62,57,50,44,38,29,20,12,,0
2025,June,9230/1,GEOGRAPHY,PAPER 1,80,55,49,44,38,32,27,19,12,5,,0
2025,June,9230/2,GEOGRAPHY,PAPER 2,80,53,47,42,38,34,30,22,14,6,,0
2025,June,9230/3,GEOGRAPHY,PAPER 3,60,47,44,41,37,33,29,21,13,5,,0
2025,June,9252/C,D&T: PRODUCT DESIGN,NEA,100,88,80,73,64,55,47,35,23,11,,0
2025,June,9252/W,D&T: PRODUCT DESIGN,WRITTEN PAPER,100,86,77,69,61,54,47,34,22,10,,0
2025,June,9265/L,FRENCH,PAPER 1 LISTENING,60,44,39,36,32,27,24,18,12,6,,0
2025,June,9265/R,FRENCH,PAPER 3 READING,60,44,40,36,32,29,26,19,12,6,,0
2025,June,9265/S,FRENCH,PAPER 2 SPEAKING,60,45,41,38,33,30,27,20,12,6,,0
2025,June,9265/W,FRENCH,PAPER 4 WRITING,60,44,40,37,33,29,26,19,12,6,,0
2025,June,9270/1,ENGLISH LANGUAGE,PAPER 1,120,99,89,78,66,56,45,33,23,12,,0
2025,June,9270/2,ENGLISH LANGUAGE,PAPER 2,80,66,59,52,45,39,33,24,16,8,,0
2025,June,9270/P,ENGLISH LANGUAGE,NEA PROJECT,80,68,61,55,48,41,35,25,17,9,,0
2025,June,9275/1,ENGLISH LITERATURE,PAPER 1,60,47,41,35,30,25,20,15,10,6,,0
2025,June,9275/2A,ENGLISH LITERATURE,PAPER 2 ROUTE A,90,74,67,60,52,45,38,28,18,9,,0
2025,June,9275/2B,ENGLISH LITERATURE,PAPER 2 ROUTE B,60,50,45,40,34,29,24,18,12,6,,0
2025,June,9275/C,ENGLISH LITERATURE,NEA,30,25,23,21,18,15,13,9,6,3,,0
2025,June,9280/L,ENGLISH AS A SECOND LANGUAGE,LISTENING,40,37,35,34,31,28,26,19,12,6,,0
2025,June,9280/R,ENGLISH AS A SECOND LANGUAGE,READING,60,54,50,47,44,41,39,28,17,6,,0
2025,June,9280/S,ENGLISH AS A SECOND LANGUAGE,SPEAKING,40,35,32,29,26,23,20,14,9,4,,0
2025,June,9280/W,ENGLISH AS A SECOND LANGUAGE,WRITING,60,51,46,42,39,36,33,24,15,7,,0
2025,November,9201/1,BIOLOGY,PAPER 1,90,63,57,52,45,38,32,24,16,9,,0
2025,November,9201/2,BIOLOGY,PAPER 2,90,63,58,53,46,40,34,25,17,9,,0
2025,November,9202/1,CHEMISTRY,PAPER 1,90,70,63,57,49,41,33,25,18,11,,0
2025,November,9202/2,CHEMISTRY,PAPER 2,90,68,60,53,46,40,34,26,18,10,,0
2025,November,9203/1,PHYSICS,PAPER 1,90,71,65,60,53,46,40,31,23,15,,0
2025,November,9203/2,PHYSICS,PAPER 2,90,67,60,54,48,43,38,30,22,14,,0
2025,November,9210/1,COMPUTER SCIENCE,PAPER 1,80,70,64,58,48,39,30,22,14,7,,0
2025,November,9210/2,COMPUTER SCIENCE,PAPER 2,80,68,60,53,45,38,31,24,18,12,,0
2025,November,9214/1,ECONOMICS,PAPER 1,80,62,59,56,49,43,37,28,19,10,,0
2025,November,9214/2,ECONOMICS,PAPER 2,80,61,57,54,48,42,37,28,19,10,,0
2025,November,9218/1,PSYCHOLOGY,PAPER 1,100,79,72,65,55,46,37,26,16,6,,0
2025,November,9218/2,PSYCHOLOGY,PAPER 2,100,79,72,65,55,46,37,26,15,5,,0
2025,November,9225/1,BUSINESS,PAPER 1,90,69,64,60,53,46,40,30,21,12,,0
2025,November,9225/2,BUSINESS,PAPER 2,90,66,61,57,50,44,38,29,20,12,,0
2025,November,9230/1,GEOGRAPHY,PAPER 1,80,55,49,44,38,32,27,19,12,5,,0
2025,November,9230/2,GEOGRAPHY,PAPER 2,80,53,47,42,38,34,30,22,14,6,,0
2025,November,9230/3,GEOGRAPHY,PAPER 3,60,47,44,41,37,33,29,21,13,5,,0
2025,November,9265/L,FRENCH,PAPER 1 LISTENING,60,44,39,36,32,27,24,18,12,6,,0
2025,November,9265/R,FRENCH,PAPER 3 READING,60,44,40,36,32,29,26,19,12,6,,0
2025,November,9265/S,FRENCH,PAPER 2 SPEAKING,60,45,41,38,33,30,27,20,12,6,,0
2025,November,9265/W,FRENCH,PAPER 4 WRITING,60,44,40,37,33,29,26,19,12,6,,0
2025,November,9269/L,SPANISH,PAPER 1 LISTENING,60,47,42,39,35,30,26,18,12,6,,0
2025,November,9269/R,SPANISH,PAPER 3 READING,60,45,41,37,33,29,26,19,12,6,,0
2025,November,9269/S,SPANISH,PAPER 2 SPEAKING,60,45,41,38,33,30,27,20,12,6,,0
2025,November,9269/W,SPANISH,PAPER 4 WRITING,60,46,42,38,34,30,26,19,12,6,,0
2025,November,9270/1,ENGLISH LANGUAGE,PAPER 1,120,99,89,78,66,56,45,33,23,12,,0
2025,November,9270/2,ENGLISH LANGUAGE,PAPER 2,80,66,59,52,45,39,33,24,16,8,,0
2025,November,9270/P,ENGLISH LANGUAGE,NEA PROJECT,80,68,61,55,48,41,35,25,17,9,,0
2025,November,9275/1,ENGLISH LITERATURE,PAPER 1,60,47,41,35,30,25,20,15,10,6,,0
2025,November,9275/2A,ENGLISH LITERATURE,PAPER 2 ROUTE A,90,74,67,60,52,45,38,28,18,9,,0
2025,November,9275/2B,ENGLISH LITERATURE,PAPER 2 ROUTE B,60,50,45,40,34,29,24,18,12,6,,0
2025,November,9275/C,ENGLISH LITERATURE,NEA,30,25,23,21,18,15,13,9,6,3,,0
2025,November,9280/L,ENGLISH AS A SECOND LANG,LISTENING,40,37,35,34,31,28,26,19,12,6,,0
2025,November,9280/R,ENGLISH AS A SECOND LANG,READING,60,54,50,47,44,41,39,28,17,6,,0
2025,November,9280/S,ENGLISH AS A SECOND LANG,SPEAKING,40,35,32,29,26,23,20,14,9,4,,0
2025,November,9280/W,ENGLISH AS A SECOND LANG,WRITING,60,51,46,42,39,36,33,24,15,7,,0
2024,June,9201/1,BIOLOGY,PAPER 1,90,61,54,48,41,35,29,23,17,11,,0
2024,June,9201/2,BIOLOGY,PAPER 2,90,62,55,49,42,36,30,23,17,11,,0
2024,June,9202/1,CHEMISTRY,PAPER 1,90,72,64,57,49,41,33,26,19,13,,0
2024,June,9202/2,CHEMISTRY,PAPER 2,90,77,71,65,56,47,39,29,19,10,,0
2024,June,9203/1,PHYSICS,PAPER 1,90,68,62,56,50,45,40,32,24,16,,0
2024,June,9203/2,PHYSICS,PAPER 2,90,69,63,57,50,44,38,30,22,15,,0
2024,June,9210/1,COMPUTER SCIENCE,PAPER 1,80,70,64,58,48,39,30,22,14,7,,0
2024,June,9210/2,COMPUTER SCIENCE,PAPER 2,80,68,60,53,45,38,31,24,18,12,,0
2024,June,9225/1,BUSINESS,PAPER 1,90,75,68,61,54,47,40,30,21,12,,0
2024,June,9225/2,BUSINESS,PAPER 2,90,75,68,61,54,48,42,31,21,11,,0
2024,June,9230/1,GEOGRAPHY,PAPER 1,80,57,51,45,39,33,27,19,12,5,,0
2024,June,9230/2,GEOGRAPHY,PAPER 2,80,55,49,43,38,34,30,22,14,6,,0
2024,June,9230/3,GEOGRAPHY,PAPER 3,60,48,45,42,37,33,29,21,13,5,,0
2024,June,9270/1,ENGLISH LANGUAGE,PAPER 1,120,99,89,78,68,57,47,35,23,12,,0
2024,June,9270/2,ENGLISH LANGUAGE,PAPER 2,80,66,59,52,45,39,33,24,16,8,,0
2024,June,9270/P,ENGLISH LANGUAGE,NEA PROJECT,80,68,61,55,48,41,35,25,17,9,,0
2024,June,9275/1,ENGLISH LITERATURE,PAPER 1,60,48,42,36,31,26,21,16,11,6,,0
2024,June,9275/2A,ENGLISH LITERATURE,PAPER 2 ROUTE A,90,75,68,61,53,46,39,29,19,9,,0
2024,June,9275/2B,ENGLISH LITERATURE,PAPER 2 ROUTE B,60,50,45,41,35,30,25,18,12,6,,0
2024,June,9275/C,ENGLISH LITERATURE,NEA,30,25,23,21,18,15,13,9,6,3,,0
2024,June,9280/L,ENGLISH AS A SECOND LANGUAGE,LISTENING,40,36,34,32,29,26,24,18,12,6,,0
2024,June,9280/R,ENGLISH AS A SECOND LANGUAGE,READING,60,53,49,45,41,38,35,25,15,6,,0
2024,June,9280/S,ENGLISH AS A SECOND LANGUAGE,SPEAKING,40,35,32,29,26,23,20,14,9,4,,0
2024,June,9280/W,ENGLISH AS A SECOND LANGUAGE,WRITING,60,52,47,43,40,37,34,25,16,7,,0
2024,November,9201/1,BIOLOGY,PAPER 1,90,61,54,48,41,35,29,23,17,11,,0
2024,November,9201/2,BIOLOGY,PAPER 2,90,62,55,49,42,36,30,23,17,11,,0
2024,November,9202/1,CHEMISTRY,PAPER 1,90,72,64,57,49,41,33,26,19,13,,0
2024,November,9202/2,CHEMISTRY,PAPER 2,90,77,71,65,56,47,39,29,19,10,,0
2024,November,9203/1,PHYSICS,PAPER 1,90,68,62,56,50,45,40,32,24,16,,0
2024,November,9203/2,PHYSICS,PAPER 2,90,69,63,57,50,44,38,30,22,15,,0
2024,November,9210/1,COMPUTER SCIENCE (OXFORD INT),COMPUTER SCIENCE PAPER 1,80,70,64,58,48,39,30,22,14,7,,0
2024,November,9210/2,COMPUTER SCIENCE (OXFORD INT),PAPER 2,80,68,60,53,45,38,31,24,18,12,,0
2024,November,9225/1,BUSINESS,PAPER 1,90,75,68,61,54,47,40,30,21,12,,0
2024,November,9225/2,BUSINESS,PAPER 2,90,75,68,61,54,48,42,31,21,11,,0
2024,November,9230/1,GEOGRAPHY,PAPER 1,80,57,51,45,39,33,27,19,12,5,,0
2024,November,9230/2,GEOGRAPHY,PAPER 2,80,55,49,43,38,34,30,22,14,6,,0
2024,November,9230/3,GEOGRAPHY,PAPER 3,60,48,45,42,37,33,29,21,13,5,,0
2024,November,9270/1,ENGLISH LANGUAGE (OXFORD INT),PAPER 1,120,99,89,78,68,57,47,35,23,12,,0
2024,November,9270/2,ENGLISH LANGUAGE (OXFORD INT),PAPER 2,80,66,59,52,45,39,33,24,16,8,,0
2024,November,9270/P,ENGLISH LANGUAGE (OXFORD INT),ENGLISH LANGUAGE NEA PROJECT,60,51,46,41,36,31,26,19,13,7,,0
2024,November,9270/P,ENGLISH LANGUAGE (OXFORD INT),NEA PROJECT,80,68,61,55,48,41,35,25,17,9,,0
2024,November,9275/1,ENGLISH LITERATURE (OXFORD INT),PAPER 1,60,48,42,36,31,26,21,16,11,6,,0
2024,November,9275/2A,ENGLISH LITERATURE (OXFORD INT),PAPER 2 ROUTE A,90,75,68,61,53,46,39,29,19,9,,0
2024,November,9275/2B,ENGLISH LITERATURE (OXFORD INT),PAPER 2 ROUTE B,60,50,45,41,35,30,25,18,12,6,,0
2024,November,9275/C,ENGLISH LITERATURE (OXFORD INT),ENGLISH LITERATURE NEA,30,25,23,21,18,15,13,9,6,3,,0
2024,November,9280/L,ENGLISH AS A SECOND LANG (OX INT),ENGLISH AS A SECOND LANG LISTENING,40,36,34,32,29,26,24,18,12,6,,0
2024,November,9280/R,ENGLISH AS A SECOND LANG (OX INT),READING,60,52,48,45,41,38,35,25,15,6,,0
2024,November,9280/S,ENGLISH AS A SECOND LANG (OX INT),SPEAKING,40,34,31,29,26,23,20,14,9,4,,0
2024,November,9280/W,ENGLISH AS A SECOND LANG (OX INT),WRITING,60,51,47,43,40,37,34,25,16,7,,0
2022,June,9201/1,BIOLOGY,PAPER 1,90,63,56,49,43,37,31,23,15,7,,0
2022,June,9201/2,BIOLOGY,PAPER 2,90,67,60,54,47,40,34,25,16,8,,0
2022,June,9202/1,CHEMISTRY,PAPER 1,90,68,60,53,45,37,29,22,15,9,,0
2022,June,9202/2,CHEMISTRY,PAPER 2,90,67,59,51,43,35,28,21,14,8,,0
2022,June,9203/1,PHYSICS,PAPER 1,90,67,60,53,46,39,32,24,17,10,,0
2022,June,9203/2,PHYSICS,PAPER 2,90,67,59,52,45,38,32,24,16,9,,0
2022,June,9210/1,COMPUTER SCIENCE,PAPER 1,80,63,54,46,38,30,23,17,12,7,,0
2022,June,9210/2,COMPUTER SCIENCE,PAPER 2,80,66,58,51,44,37,30,23,16,9,,0
2022,June,9225/1,BUSINESS,PAPER 1,90,75,67,60,52,44,36,26,17,8,,0
2022,June,9225/2,BUSINESS,PAPER 2,90,75,67,60,53,46,40,29,18,8,,0
2022,June,9230/1,GEOGRAPHY,PAPER 1,80,56,50,45,39,33,28,20,12,5,,0
2022,June,9230/2,GEOGRAPHY,PAPER 2,80,56,50,45,39,33,28,20,13,6,,0
2022,June,9230/3,GEOGRAPHY,PAPER 3,60,42,38,34,30,26,22,16,10,5,,0
2022,June,9270/1,ENGLISH LANGUAGE,PAPER 1,120,99,89,78,68,57,48,35,23,11,,0
2022,June,9270/2,ENGLISH LANGUAGE,PAPER 2,80,66,59,52,46,40,34,25,16,7,,0
2022,June,9270/P,ENGLISH LANGUAGE,NEA PROJECT,80,67,60,53,47,40,33,24,16,8,,0
2022,June,9275/1,ENGLISH LITERATURE,PAPER 1,60,48,44,40,34,28,22,16,12,8,,0
2022,June,9275/2A,ENGLISH LITERATURE,PAPER 2 ROUTE A,90,72,65,58,51,44,36,26,17,8,,0
2022,June,9275/2B,ENGLISH LITERATURE,PAPER 2 ROUTE B,60,48,43,39,33,27,22,16,10,4,,0
2022,June,9275/C,ENGLISH LITERATURE,NEA,30,25,23,21,18,15,13,9,6,3,,0
2022,June,9280/L,ENGLISH AS A SECOND LANGUAGE,LISTENING,40,36,33,30,26,22,18,14,10,6,,0
2022,June,9280/R,ENGLISH AS A SECOND LANGUAGE,READING,60,52,46,41,36,31,25,18,11,5,,0
2022,June,9280/S,ENGLISH AS A SECOND LANGUAGE,SPEAKING,40,34,30,27,24,21,18,13,8,3,,0
2022,June,9280/W,ENGLISH AS A SECOND LANGUAGE,WRITING,60,52,46,41,36,31,27,20,13,6,,0
2022,November,9201/1,BIOLOGY,PAPER 1,90,63,56,49,43,37,31,23,15,7,,0
2022,November,9201/2,BIOLOGY,PAPER 2,90,67,60,54,47,40,34,25,16,8,,0
2022,November,9202/1,CHEMISTRY,PAPER 1,90,68,60,53,45,37,29,22,15,9,,0
2022,November,9202/2,CHEMISTRY,PAPER 2,90,67,59,51,43,35,28,21,14,8,,0
2022,November,9203/1,PHYSICS,PAPER 1,90,67,60,53,46,39,32,24,17,10,,0
2022,November,9203/2,PHYSICS,PAPER 2,90,67,59,52,45,38,32,24,16,9,,0
2022,November,9210/1,COMPUTER SCIENCE,PAPER 1,80,63,54,46,38,30,23,17,12,7,,0
2022,November,9210/2,COMPUTER SCIENCE,PAPER 2,80,66,58,51,44,37,30,22,15,8,,0
2022,November,9225/1,BUSINESS,PAPER 1,90,75,67,60,52,44,36,26,17,8,,0
2022,November,9225/2,BUSINESS,PAPER 2,90,75,67,60,53,46,40,29,18,8,,0
2022,November,9230/1,GEOGRAPHY,PAPER 1,80,57,51,45,39,33,28,20,13,6,,0
2022,November,9230/2,GEOGRAPHY,PAPER 2,80,57,51,45,39,33,28,20,13,6,,0
2022,November,9230/3,GEOGRAPHY,PAPER 3,75,43,38,34,30,26,22,16,10,4,,0
2022,November,9270/1,ENGLISH LANGUAGE,PAPER 1,120,99,88,78,68,58,48,35,23,11,,0
2022,November,9270/2,ENGLISH LANGUAGE,PAPER 2,80,65,58,52,46,40,34,25,16,7,,0
2022,November,9270/P,ENGLISH LANGUAGE,NON-EXAM ASSESSMENT,80,67,60,53,46,39,33,24,16,8,,0
2022,November,9275/1,ENGLISH LITERATURE,PAPER 1,60,50,45,40,35,30,24,18,12,6,,0
2022,November,9275/2A,ENGLISH LITERATURE,PAPER 2A,90,75,66,58,51,44,36,26,17,8,,0
2022,November,9275/2B,ENGLISH LITERATURE,PAPER 2B,60,50,44,39,34,29,23,16,9,3,,0
2022,November,9275/C,ENGLISH LITERATURE,B NON-EXAM ASSESSMENT,30,26,23,21,18,15,13,9,6,3,,0
2022,November,9280/L,ENGLISH AS A SECOND LANGUAGE,PAPER 3: LISTENING,40,35,32,30,27,24,20,15,10,6,,0
2022,November,9280/R,ENGLISH AS A SECOND LANGUAGE,PAPER 2: READING,60,50,45,41,36,31,27,19,12,5,,0
2022,November,9280/S,ENGLISH AS A SECOND LANGUAGE,PAPER 4: SPEAKING,40,33,30,27,24,21,19,13,8,3,,0
2022,November,9280/W,ENGLISH AS A SECOND LANGUAGE,PAPER 1: WRITING,60,50,45,41,37,33,29,21,13,6,,0
2021,November,9201/1,BIOLOGY,PAPER 1,90,63,56,49,43,37,31,23,15,7,,0
2021,November,9201/2,BIOLOGY,PAPER 2,90,67,60,54,47,40,34,25,16,8,,0
2021,November,9202/1,CHEMISTRY,PAPER 1,90,68,60,53,45,37,29,22,15,9,,0
2021,November,9202/2,CHEMISTRY,PAPER 2,90,67,59,51,43,35,28,21,14,8,,0
2021,November,9203/1,ENGLISH LITERATURE,PHYSICS PAPER 1,90,67,60,53,46,39,32,24,17,10,,0
2021,November,9203/2,ENGLISH LITERATURE,PHYSICS PAPER 2,90,67,59,52,45,38,32,24,16,9,,0
2021,November,9210/1,COMPUTER SCIENCE,PAPER 1,80,63,54,46,38,30,23,17,12,7,,0
2021,November,9210/2,COMPUTER SCIENCE,PAPER 2,80,66,58,51,44,37,30,22,15,8,,0
2021,November,9225/1,BUSINESS,PAPER 1,90,75,67,60,52,44,36,26,17,8,,0
2021,November,9225/2,BUSINESS,PAPER 2,90,75,67,60,53,46,40,29,18,8,,0
2021,November,9230/1,ENGLISH LITERATURE,GEOGRAPHY PAPER 1,80,57,51,45,39,33,28,20,13,6,,0
2021,November,9230/2,ENGLISH LITERATURE,GEOGRAPHY PAPER 2,80,57,51,45,39,33,28,20,13,6,,0
2021,November,9230/3,ENGLISH LITERATURE,GEOGRAPHY PAPER 3,75,43,38,34,30,26,22,16,10,4,,0
2021,November,9270/1,ENGLISH LANGUAGE,PAPER 1,120,99,88,78,68,58,48,35,23,11,,0
2021,November,9270/2,ENGLISH LANGUAGE,PAPER 2,80,65,58,52,46,40,34,25,16,7,,0
2021,November,9270/P,ENGLISH LANGUAGE,NON-EXAM ASSESSMENT,80,67,60,53,46,39,33,24,16,8,,0
2021,November,9275/1,ENGLISH LITERATURE,PAPER 1,60,50,45,40,35,30,24,18,12,6,,0
2021,November,9275/2A,ENGLISH LITERATURE,PAPER 2A,90,75,66,58,51,44,36,26,17,8,,0
2021,November,9275/2B,ENGLISH LITERATURE,PAPER 2B,60,50,44,39,34,29,23,16,9,3,,0
2021,November,9275/C,ENGLISH LITERATURE,B NON-EXAM ASSESSMENT,30,26,23,21,18,15,13,9,6,3,,0
2021,November,9280/L,ENGLISH AS A SECOND LANGUAGE,PAPER 3: LISTENING,40,35,32,30,27,24,20,15,10,6,,0
2021,November,9280/R,ENGLISH AS A SECOND LANGUAGE,PAPER 2: READING,60,50,45,41,36,31,27,19,12,5,,0
2021,November,9280/S,ENGLISH AS A SECOND LANGUAGE,PAPER 4: SPEAKING,40,33,30,27,24,21,19,13,8,3,,0
2021,November,9280/W,ENGLISH AS A SECOND LANGUAGE,PAPER 1: WRITING,60,50,45,41,37,33,29,21,13,6,,0
2020,November,9201/1,BIOLOGY,PAPER 1,90,63,56,49,41,34,27,20,13,7,,0
2020,November,9201/2,BIOLOGY,PAPER 2,90,64,57,51,44,38,32,24,16,8,,0
2020,November,9202/1,CHEMISTRY,PAPER 1,90,67,59,52,43,34,26,20,14,8,,0
2020,November,9202/2,CHEMISTRY,PAPER 2,90,66,58,50,42,34,26,19,13,7,,0
2020,November,9203/1,PHYSICS,PAPER 1,90,66,59,52,45,38,31,23,16,9,,0
2020,November,9203/2,PHYSICS,PAPER 2,90,66,59,52,45,38,32,24,16,8,,0
2020,November,9210/1,COMPUTER SCIENCE,PAPER 1,80,63,55,48,39,31,23,17,12,7,,0
2020,November,9210/2,COMPUTER SCIENCE,PAPER 2,80,66,59,53,45,38,31,23,16,9,,0
2020,November,9225/1,BUSINESS,PAPER 1,90,75,68,61,52,43,35,26,17,8,,0
2020,November,9225/2,BUSINESS,PAPER 2,90,74,66,59,51,43,36,26,17,8,,0
2020,November,9230/1,GEOGRAPHY,PAPER 1,80,55,49,44,37,31,25,18,11,4,,0
2020,November,9230/2,GEOGRAPHY,PAPER 2,80,55,49,44,37,31,25,18,11,4,,0
2020,November,9230/3,GEOGRAPHY,PAPER 3,75,52,47,42,36,30,24,17,10,4,,0
2020,November,9270/1,ENGLISH LANGUAGE,PAPER 1,120,98,87,77,66,56,45,32,18,6,,0
2020,November,9270/2,ENGLISH LANGUAGE,PAPER 2,80,65,58,52,45,38,32,23,14,5,,0
2020,November,9270/P,ENGLISH LANGUAGE,NON-EXAM ASSESSMENT,80,67,60,53,45,37,31,23,15,7,,0
2020,November,9275/1,ENGLISH LITERATURE,PAPER 1,60,49,43,38,33,28,23,16,9,3,,0
2020,November,9275/2A,ENGLISH LITERATURE,PAPER 2A,90,75,67,59,50,42,34,24,14,5,,0
2020,November,9280/L,ENGLISH AS A SECOND LANGUAGE,PAPER 3: LISTENING,40,35,32,30,26,22,19,14,9,4,,0
2020,November,9280/R,ENGLISH AS A SECOND LANGUAGE,PAPER 2: READING,60,50,45,41,35,30,25,17,10,3,,0
2020,November,9280/S,ENGLISH AS A SECOND LANGUAGE,PAPER 4: SPEAKING,40,34,30,27,24,21,18,11,6,2,,0
2020,November,9280/W,ENGLISH AS A SECOND LANGUAGE,PAPER 1: WRITING,60,50,45,40,35,30,26,18,10,3,,0
2019,June,9201/1,BIOLOGY,PAPER 1,90,64,57,50,44,38,32,24,16,8,,0
2019,June,9201/2,BIOLOGY,PAPER 2,90,67,61,55,48,42,36,27,18,9,,0
2019,June,9202/1,CHEMISTRY,PAPER 1,90,70,63,56,48,40,33,25,17,10,,0
2019,June,9202/2,CHEMISTRY,PAPER 2,90,69,61,53,45,38,31,23,16,9,,0
2019,June,9203/1,PHYSICS,PAPER 1,90,68,61,54,47,40,33,25,18,11,,0
2019,June,9203/2,PHYSICS,PAPER 2,90,68,61,54,47,40,34,26,18,10,,0
2019,June,9210/1,COMPUTER SCIENCE,PAPER 1,80,66,58,50,43,36,29,22,15,8,,0
2019,June,9210/2,COMPUTER SCIENCE,PAPER 2,80,68,62,56,49,43,37,28,19,10,,0
2019,June,9225/1,BUSINESS,PAPER 1,90,77,70,63,55,47,40,29,19,9,,0
2019,June,9225/2,BUSINESS,PAPER 2,90,77,70,63,56,50,44,32,20,9,,0
2019,June,9270/1,ENGLISH LANGUAGE,PAPER 1,120,101,90,81,71,60,51,38,24,12,,0
2019,June,9270/2,ENGLISH LANGUAGE,PAPER 2,80,67,60,54,48,42,36,26,17,8,,0
2019,June,9270/P,ENGLISH LANGUAGE,COURSEWORK PROJECT,80,68,61,55,48,41,35,25,17,9,,0
2019,June,9275/1,ENGLISH LITERATURE,PAPER 1,60,51,45,40,35,30,26,19,12,6,,0
2019,June,9275/2A,ENGLISH LITERATURE,PAPER 2A,90,77,69,61,53,45,38,28,18,9,,0
2019,June,9275/2B,ENGLISH LITERATURE,PAPER 2B,60,52,47,42,36,30,25,18,12,6,,0
2019,June,9275/C,ENGLISH LITERATURE,B NON-EXAM ASSESSMENT,30,26,23,21,18,15,13,9,6,3,,0
2019,June,9280/L,ENGLISH AS A SECOND LANGUAGE,PAPER 3: LISTENING,40,36,33,31,28,25,22,16,11,6,,0
2019,June,9280/R,ENGLISH AS A SECOND LANGUAGE,PAPER 2: READING,60,52,47,43,38,33,29,21,13,6,,0
2019,June,9280/S,ENGLISH AS A SECOND LANGUAGE,PAPER 4: SPEAKING,40,35,32,29,26,23,21,15,9,4,,0
2019,June,9280/W,ENGLISH AS A SECOND LANGUAGE,PAPER 1: WRITING,60,51,46,42,38,34,31,22,14,6,,0
2019,November,9201/1,BIOLOGY,PAPER 1,90,64,57,50,44,38,32,24,16,8,,0
2019,November,9201/2,BIOLOGY,PAPER 2,90,67,61,55,48,42,36,27,18,9,,0
2019,November,9202/1,CHEMISTRY,PAPER 1,90,70,63,56,48,40,33,25,17,10,,0
2019,November,9202/2,CHEMISTRY,PAPER 2,90,69,61,53,45,38,31,23,16,9,,0
2019,November,9203/1,PHYSICS,PAPER 1,90,68,61,54,47,40,33,25,18,11,,0
2019,November,9203/2,PHYSICS,PAPER 2,90,68,61,54,47,40,34,26,18,10,,0
2019,November,9225/1,BUSINESS,PAPER 1,90,77,70,63,55,47,40,29,19,9,,0
2019,November,9225/2,BUSINESS,PAPER 2,90,77,70,63,56,50,44,32,20,9,,0
2019,November,9270/1,ENGLISH LANGUAGE,PAPER 1,120,101,90,81,71,60,51,38,24,12,,0
2019,November,9270/2,ENGLISH LANGUAGE,PAPER 2,80,67,60,54,48,42,36,26,17,8,,0
2019,November,9270/P,ENGLISH LANGUAGE,NON-EXAM ASSESSMENT,80,68,61,55,48,41,35,25,17,9,,0
2019,November,9275/1,ENGLISH LITERATURE,PAPER 1,60,51,45,40,35,30,26,19,12,6,,0
2019,November,9275/2A,ENGLISH LITERATURE,PAPER 2A,90,76,68,61,53,45,38,28,18,9,,0
2019,November,9275/2B,ENGLISH LITERATURE,PAPER 2B,60,52,47,42,36,30,25,18,12,6,,0
2019,November,9275/C,ENGLISH LITERATURE,B NON-EXAM ASSESSMENT,30,26,23,21,18,15,13,9,6,3,,0
2019,November,9280/L,ENGLISH AS A SECOND LANGUAGE,PAPER 3: LISTENING,40,36,33,31,28,25,22,16,11,6,,0
2019,November,9280/R,ENGLISH AS A SECOND LANGUAGE,PAPER 2: READING,60,52,47,43,38,33,29,21,13,6,,0
2019,November,9280/S,ENGLISH AS A SECOND LANGUAGE,PAPER 4: SPEAKING,40,35,32,29,26,23,21,15,9,4,,0
2019,November,9280/W,ENGLISH AS A SECOND LANGUAGE,PAPER 1: WRITING,60,51,46,42,38,34,31,22,14,6,,0
2018,June,9201/1,BIOLOGY,PAPER 1,90,75,67,59,51,44,37,27,18,9,,0
2018,June,9201/2,BIOLOGY,PAPER 2,90,74,65,57,50,43,37,28,19,11,,0
2018,June,9202/1,CHEMISTRY,PAPER 1,90,77,70,63,55,47,40,30,20,10,,0
2018,June,9202/2,CHEMISTRY,PAPER 2,90,74,65,57,49,41,34,26,18,10,,0
2018,June,9203/1,PHYSICS,PAPER 1,90,74,66,58,51,44,38,28,19,10,,0
2018,June,9203/2,PHYSICS,PAPER 2,90,73,64,56,49,42,35,26,17,9,,0
2018,June,9270/1,ENGLISH LANGUAGE,PAPER 1,120,101,92,83,72,63,54,39,26,12,,0
2018,June,9270/2,ENGLISH LANGUAGE,PAPER 2,80,67,60,54,48,42,36,26,17,8,,0
2018,June,9275/1,ENGLISH LITERATURE,PAPER 1,60,53,47,42,37,32,27,19,12,5,,0
2018,June,9275/2A,ENGLISH LITERATURE,PAPER 2A,90,79,71,63,55,47,40,29,18,7,,0
2018,June,9280/L,ENGLISH AS A SECOND LANGUAGE,PAPER 3: LISTENING,40,35,33,31,28,25,22,16,11,6,,0
2018,June,9280/R,ENGLISH AS A SECOND LANGUAGE,PAPER 2: READING,60,51,46,42,37,33,29,21,13,6,,0
2018,June,9280/S,ENGLISH AS A SECOND LANGUAGE,PAPER 4: SPEAKING,40,34,31,29,26,23,21,15,9,4,,0
2018,June,9280/W,ENGLISH AS A SECOND LANGUAGE,PAPER 1: WRITING,60,51,47,43,39,35,31,22,14,6,,0
2018,November,9201/1,BIOLOGY,PAPER 1,90,74,66,59,51,43,36,27,18,9,,0
2018,November,9201/2,BIOLOGY,PAPER 2,90,73,64,56,49,43,37,28,19,11,,0
2018,November,9202/1,CHEMISTRY,PAPER 1,90,77,70,63,55,47,40,30,20,10,,0
2018,November,9202/2,CHEMISTRY,PAPER 2,90,74,65,57,49,41,34,26,18,10,,0
2018,November,9203/1,PHYSICS,PAPER 1,90,74,66,58,51,44,38,28,19,10,,0
2018,November,9203/2,PHYSICS,PAPER 2,90,73,64,56,49,42,35,26,17,9,,0
2018,November,9270/1,ENGLISH LANGUAGE,PAPER 1,120,101,92,83,72,63,54,39,26,12,,0
2018,November,9270/2,ENGLISH LANGUAGE,PAPER 2,80,67,60,54,48,42,36,26,17,8,,0
2018,November,9280/L,ENGLISH AS A SECOND LANGUAGE,PAPER 3: LISTENING,40,37,35,33,30,27,25,18,12,6,,0
2018,November,9280/R,ENGLISH AS A SECOND LANGUAGE,PAPER 2: READING,60,51,46,42,37,33,29,21,13,6,,0
2018,November,9280/S,ENGLISH AS A SECOND LANGUAGE,PAPER 4: SPEAKING,40,35,32,29,26,23,21,15,9,4,,0
2018,November,9280/W,ENGLISH AS A SECOND LANGUAGE,PAPER 1: WRITING,60,52,48,44,40,36,32,23,14,6,,0
